experiment,user,video,startingTime,endTime,N,magQuat,avTsampling,avFsampling
0,1,0,1.247,164.203,14726,1.000004811632891,0.011065869889990492,90.36795208522547
0,1,1,0.0,201.141,18180,0.9999974984027667,0.011063861386138614,90.38435724193477
0,1,2,0.021,293.23900000000003,26272,1.0000063536579316,0.011160855663824605,89.59886500828733
0,1,3,0.0,172.577,15478,0.9999982452710577,0.011149825558857733,89.68750181078592
0,1,4,0.021,205.708,18443,1.000005238417169,0.011152578213956515,89.66536533665229
0,1,5,0.0,655.061,58650,1.0000029787981324,0.011168985507246378,89.53364648483118
0,1,6,0.021,451.12800000000004,40535,1.000001794826129,0.011128826939681757,89.85673022143304
0,1,7,0.021,164.815,15017,1.0000021565286754,0.010973829659718985,91.1258905057223
0,1,8,0.0,292.079,26845,0.9999979537822401,0.010880201154777426,91.91006542750421
0,10,0,3.21,164.215,14688,0.9999993988720115,0.010961669389978213,91.22698052855502
0,10,1,0.0,201.141,18176,1.0000007929580805,0.011066296214788732,90.36447069468682
0,10,2,0.0,293.23900000000003,26267,0.9999967796205406,0.011163779647466404,89.57539754261882
0,10,3,0.0,172.577,15456,1.000003437526895,0.011165696169772256,89.56002248271787
0,10,4,0.0,205.708,18461,1.000000092539639,0.011142841666215264,89.74371439127307
0,10,5,0.0,655.073,58673,0.9999970169962512,0.011164811753276634,89.56711694727153
0,10,6,0.0,451.12800000000004,40538,0.9999988698921577,0.011128521387340275,89.85919738965437
0,10,7,0.0,164.815,15013,1.000002099758334,0.01097815226803437,91.0900100112247
0,10,8,0.0,292.079,26835,1.0000034175955415,0.010884255636295883,91.87582811499628
0,11,0,11.85,164.215,14732,0.9999931800311587,0.010342451805593266,96.68887211629968
0,11,1,0.021,201.141,18165,1.000004523314433,0.011071841453344344,90.3192124105012
0,11,2,0.0,293.248,26276,1.00000030851424,0.011160298371137158,89.60333915320821
0,11,3,0.0,172.577,15466,1.0000021929962053,0.011158476658476659,89.61796763183969
0,11,4,0.0,205.708,18449,1.00000131933334,0.011150089435741774,89.68537927547786
0,11,5,0.0,655.073,58666,0.9999990883520669,0.011166143933453788,89.55643111531082
0,11,6,0.021,451.12800000000004,40571,1.0000013342229235,0.011118951960760149,89.93653390437302
0,11,7,0.0,164.815,15022,0.9999990016962829,0.01097157502329916,91.14461669144193
0,11,8,0.021,292.079,26847,1.0000034752824654,0.01087860841062316,91.92352204014271
0,12,0,21.279,164.215,14721,1.0000074368580028,0.009709666462876163,102.9901494375105
0,12,1,0.021,201.141,18155,1.0000040209174086,0.011077939961443128,90.2694908512331
0,12,2,0.021,293.23900000000003,26073,1.0000007465404768,0.011246039964714457,88.92018907434058
0,12,3,0.021,172.577,15466,0.9999968899305652,0.011157118841329368,89.6288741046385
0,12,4,0.0,205.708,18435,0.9999997235421562,0.011158557092487116,89.61732164038347
0,12,5,0.021,655.073,58654,0.9999985889427105,0.011168070378831793,89.5409830059293
0,12,6,0.0,451.12800000000004,40559,0.9999933522149589,0.011122759436869746,89.90574737103438
0,12,7,0.0,164.815,15027,0.9999994092173599,0.010967924402741731,91.17495373600704
0,12,8,0.0,292.079,26862,0.99999413926801,0.010873315464224556,91.96826885876766
0,13,0,1.845,164.215,14743,0.9999980027867681,0.01101336227362138,90.79879288045821
0,13,1,0.0,201.141,18182,0.9999995428318347,0.011062644373556264,90.39430051555874
0,13,2,0.0,293.23900000000003,26255,0.9999988772247345,0.01116888211769187,89.53447529148578
0,13,3,0.0,172.577,15472,1.00000543482129,0.01115414943123061,89.6527347213128
0,13,4,0.021,205.708,18444,1.0000037845132377,0.011151973541531121,89.67022709262132
0,13,5,0.021,655.073,58680,1.0000007894305076,0.011163122017723246,89.5806745113365
0,13,6,0.0,451.12800000000004,40556,0.9999972673530595,0.011123582207318277,89.89909737369437
0,13,7,0.0,164.815,15027,1.0000012388856192,0.010967924402741731,91.17495373600704
0,13,8,0.0,292.079,26819,1.0000002826981635,0.010890749095790297,91.82104841498362
0,14,0,2.9539999999999997,164.215,14736,1.0000033125270211,0.010943336047774158,91.37981284997613
0,14,1,0.021,201.141,18178,0.9999997743819518,0.011063923423919023,90.38385043754973
0,14,2,0.0,293.23900000000003,26280,1.0000012554116209,0.011158257229832574,89.61972998134625
0,14,3,0.0,172.577,15495,0.9999997676929977,0.01113759277186189,89.78600856429304
0,14,4,0.021,205.708,18454,0.9999941581335606,0.011145930421588816,89.71884465231152
0,14,5,0.0,655.073,58656,1.0000008137209457,0.011168047599563557,89.54116564108122
0,14,6,0.021,451.12800000000004,40579,1.000003174574234,0.011116759900441116,89.95426805613745
0,14,7,0.021,164.815,15023,0.9999995310383479,0.010969446848166146,91.16229959828634
0,14,8,0.021,292.079,26841,1.0000034781685003,0.010881040199694497,91.90297817556787
0,15,0,0.021,164.215,14714,1.0000035249413382,0.011159032214217752,89.61350597463975
0,15,1,0.021,201.141,18172,0.9999990571743474,0.011067576491305305,90.35401750198886
0,15,2,0.021,293.23900000000003,26240,1.0000004391662836,0.011174466463414634,89.48973118976325
0,15,3,0.0,172.577,15465,0.9999986652551738,0.011159198189460071,89.61217311692752
0,15,4,0.021,205.708,18418,0.999997118998145,0.011167716364426105,89.54382143742677
0,15,5,0.0,655.073,58652,1.0000019175543198,0.011168809247766486,89.5350594513894
0,15,6,0.0,451.12800000000004,40529,0.9999995575996589,0.011130992622566558,89.83924739763437
0,15,7,0.0,164.815,15029,0.9999986462810231,0.010966464834653003,91.18708855383309
0,15,8,0.0,292.079,26845,0.999995470850992,0.010880201154777426,91.91006542750421
0,16,0,0.0,164.215,14695,1.0000031282696709,0.011174889418169446,89.48634412203513
0,16,1,0.0,201.141,18190,1.0000032743313048,0.011057778999450247,90.43407361005464
0,16,2,0.0,293.23900000000003,26242,1.0000017560178427,0.011174415059827759,89.49014285275831
0,16,3,0.0,172.577,15466,0.9999971434127064,0.011158476658476659,89.61796763183969
0,16,4,0.0,205.708,18431,1.0000067040283316,0.011160978785741413,89.59787660178506
0,16,5,0.0,655.073,58652,1.0000050915457372,0.011168809247766486,89.5350594513894
0,16,6,0.021,451.12800000000004,40489,0.9999983430633478,0.011141470522858061,89.75475884878753
0,16,7,0.021,164.815,14987,1.0000056509755417,0.010995796356842598,90.94384504290204
0,16,8,0.0,292.079,26837,1.000000503208111,0.010883444498267317,91.88267557749788
0,17,0,0.0,164.215,14701,1.0000005163221846,0.011170328549078293,89.52288158816187
0,17,1,0.0,201.141,18162,0.9999926674955233,0.011074826560951436,90.29486777931899
0,17,2,0.021,293.23900000000003,26240,1.0000147803067412,0.011174466463414634,89.48973118976325
0,17,3,0.021,172.577,15460,1.0000096068167665,0.011161448900388098,89.59410278402373
0,17,4,0.021,205.708,18436,0.99999799974348,0.01115681275764808,89.63133304486914
0,17,5,0.021,655.073,58671,0.9999982762875118,0.011164834415639754,89.56693514408016
0,17,6,0.021,451.12800000000004,40552,1.0000016106119565,0.011124161570329454,89.89441529393248
0,17,7,0.0,164.815,15019,1.0000048313997143,0.010973766562354352,91.12641446470285
0,17,8,0.021,292.079,26824,0.9999929597189208,0.010887936176558305,91.84477055927248
0,18,0,0.021,164.215,14723,1.0000019597106404,0.011152210826597841,89.66831918340499
0,18,1,0.0,201.141,18187,1.0000107165096417,0.011059603013141255,90.41915869961868
0,18,2,0.0,293.23900000000003,26228,0.9999888788735338,0.011180379746835445,89.44240022643645
0,18,3,0.021,172.577,15453,1.00000117128729,0.011166504885782696,89.55353624330652
0,18,4,0.0,205.708,18416,0.999997485758532,0.011170069504778453,89.52495770704105
0,18,5,0.0,655.073,58670,1.0000000904256199,0.01116538264871314,89.56253730500266
0,18,6,0.0,451.12800000000004,40572,1.000002009725928,0.011119195504288673,89.93456402617437
0,18,7,0.021,164.815,15013,1.0000013536998569,0.01097675348031706,91.10161777734626
0,18,8,0.0,292.079,26839,1.000008458206856,0.01088263348112821,91.88952303999945
0,19,0,0.021,164.215,14713,0.9999901815948314,0.011159790661319922,89.60741561811028
0,19,1,0.021,201.141,18163,1.0000010784767224,0.01107306061773936,90.30926809864756
0,19,2,0.021,293.23900000000003,26261,1.0000032780744776,0.011165530634781616,89.56135025816968
0,19,3,0.0,172.577,15469,1.000001852033567,0.0111563126252505,89.63535117657625
0,19,4,0.021,205.708,18436,0.9999917592088293,0.01115681275764808,89.63133304486914
0,19,5,0.0,655.073,58673,1.0000039464960668,0.011164811753276634,89.56711694727153
0,19,6,0.0,451.12800000000004,40548,1.000010223097293,0.011125776857058301,89.88136404745438
0,19,7,0.0,164.815,15018,0.999998483617195,0.010974497269942735,91.12034705578984
0,19,8,0.021,292.079,26852,1.0000054132976006,0.010876582749888276,91.94064192728842
0,2,0,25.119,164.215,14735,1.0000007927655041,0.009439837122497454,105.93403117271525
0,2,1,0.0,201.141,18191,1.0000025615647108,0.011057171128580066,90.43904524686664
0,2,2,0.021,293.23900000000003,26276,0.9999975592017237,0.011159156644847009,89.61250673560286
0,2,3,0.0,172.58700000000002,15471,0.999997957608757,0.011155516773317822,89.64174590206677
0,2,4,0.021,205.708,18456,1.000002844159403,0.0111447225834417,89.72856816424955
0,2,5,0.0,655.073,58674,1.0000009521409785,0.011164621467771073,89.5686434946945
0,2,6,0.0,451.12800000000004,40579,1.0000036553288416,0.011117277409497524,89.95008068663438
0,2,7,0.0,164.815,15033,0.9999954733039216,0.01096354686356682,91.21135818948518
0,2,8,0.021,292.079,26817,0.9999926994218242,0.01089077823768505,91.82080271726849
0,20,0,0.0,164.215,14713,0.9999933093424558,0.011161217970502277,89.59595652041531
0,20,1,0.0,201.141,18161,1.0000005714686508,0.011075436374648973,90.289896142507
0,20,2,0.021,293.23900000000003,26259,1.0000014924092475,0.011166381050306562,89.55452939451193
0,20,3,0.021,172.577,15473,0.9999961726432582,0.011152071350093712,89.6694406453557
0,20,4,0.0,205.708,18438,0.9999998850701854,0.011156741512094587,89.63190541933226
0,20,5,0.021,655.064,57883,1.0000028254376399,0.01131667328922136,88.36519129278537
0,20,6,0.021,451.12800000000004,40531,1.0000006362817575,0.011129925242407046,89.84786314555083
0,20,7,0.021,164.815,14972,0.9999961821872095,0.011006812717071868,90.85282231149192
0,20,8,0.021,292.079,26815,1.0000054629004487,0.010891590527689725,91.81395476241022
0,21,0,0.0,164.215,14705,1.0000019539947531,0.011167290037402244,89.547239898913
0,21,1,0.0,201.141,18168,0.9999970469865394,0.011071169088507265,90.32469760019092
0,21,2,0.021,293.23900000000003,26261,0.9999995702553032,0.011165530634781616,89.56135025816968
0,21,3,0.0,172.577,15462,1.0000024990104313,0.011161363342387789,89.59478957219098
0,21,4,0.0,205.708,18435,1.0000066029462122,0.011158557092487116,89.61732164038347
0,21,5,0.0,655.073,58674,0.9999984261781121,0.011164621467771073,89.5686434946945
0,21,6,0.0,451.12800000000004,40566,1.0000067216723856,0.011120840112409408,89.92126403149437
0,21,7,0.021,164.815,15005,0.9999973473717827,0.010982605798067311,91.0530723205942
0,21,8,0.0,292.079,26833,1.0000041093399754,0.010885066895240936,91.8689806524947
0,22,0,0.0,164.215,14713,1.0000067457948056,0.011161217970502277,89.59595652041531
0,22,1,0.021,201.141,18176,0.9999956880468365,0.011065140845070423,90.3739061256961
0,22,2,0.0,293.23900000000003,26268,1.0000027551429933,0.01116335465204812,89.57880773021323
0,22,3,0.021,172.577,15459,0.9999897749149897,0.011162170903680704,89.58830756392128
0,22,4,0.0,205.707,18351,0.9999989539022743,0.011209579859408207,89.20940949991979
0,22,5,0.021,655.067,58602,1.0000015010242729,0.011177877888126686,89.46241943313903
0,22,6,0.021,451.12800000000004,40545,0.9999997365921153,0.011126082130965595,89.8788979111386
0,22,7,0.021,164.815,14985,0.9999999519921002,0.010997263930597264,90.93170867871403
0,22,8,0.0,292.079,26615,0.999996900223336,0.010974225061055796,91.1226072398221
0,23,0,1.3969999999999998,164.215,14738,1.0000017146860607,0.01104749626815036,90.5182473682271
0,23,1,0.021,201.141,18159,0.9999756665173369,0.011075499752188998,90.28937947494033
0,23,2,0.021,293.23900000000003,26281,1.0000008826391609,0.011157033598417108,89.62955889474725
0,23,3,0.0,172.577,15471,0.9999970173212603,0.011154870402688902,89.64694020640061
0,23,4,22.666,205.708,18420,1.0000014030053812,0.0099371335504886,100.63264168879273
0,23,5,0.0,655.061,58664,1.0000032606659923,0.011166320060002727,89.55501854025809
0,23,6,0.021,451.12800000000004,40583,0.9999969579247653,0.0111156641943671,89.96313513201967
0,23,7,0.0,164.815,15009,0.9999997634734354,0.010981078019854753,91.06574037557262
0,23,8,0.021,292.079,26864,0.9999982268210936,0.010871724240619416,91.9817296564381
0,24,0,0.021,164.215,14711,1.0000026883751592,0.011161307864863029,89.59523490505133
0,24,1,0.0,201.141,18185,1.0000010265454864,0.011060819356612593,90.4092154259947
0,24,2,0.0,293.23900000000003,26257,1.0000034512579874,0.01116803138210763,89.54129566667461
0,24,3,0.0,172.577,15457,1.0000002282531761,0.011164973798279097,89.56581699763004
0,24,4,0.0,205.708,18431,0.9999984854808657,0.011160978785741413,89.59787660178506
0,24,5,0.021,655.073,58671,0.9999961641299239,0.011164834415639754,89.56693514408016
0,24,6,0.021,451.12800000000004,40558,0.9999955834592272,0.011122515903151043,89.90771590775582
0,24,7,0.021,164.815,14995,0.9999933027319751,0.010989929976658886,90.9923904996541
0,24,8,0.0,292.079,26832,0.9999924640715311,0.010885472570065594,91.86555692124391
0,25,0,0.0,164.215,14706,1.000002485079627,0.011166530667754658,89.5533294766008
0,25,1,0.021,201.141,18185,0.9999996197484881,0.011059664558702227,90.4186555290374
0,25,2,0.0,293.23900000000003,26264,1.0000071025272368,0.01116505482790131,89.56516697983555
0,25,3,0.021,172.577,15471,1.0000047080076728,0.011153513024368173,89.6578502051508
0,25,4,0.0,205.708,18429,0.9999960646906312,0.011162190026588529,89.58815408248586
0,25,5,0.0,655.073,58673,1.0000010427136208,0.011164811753276634,89.56711694727153
0,25,6,0.021,451.12800000000004,40563,0.9999892496344273,0.011121144885733304,89.91879975260858
0,25,7,0.0,164.815,15031,0.9999969626396555,0.01096500565497971,91.19922337165913
0,25,8,0.0,292.079,26796,1.0000018488426852,0.010900097029407375,91.7423025962154
0,26,0,0.0,164.215,14702,0.9999887873059753,0.011169568766154265,89.52897116584965
0,26,1,0.0,201.141,18175,1.0000177226990885,0.011066905089408528,90.35949905787483
0,26,2,0.0,293.23900000000003,26258,1.0000082787058517,0.01116760606291416,89.54470585426904
0,26,3,0.0,172.577,15452,1.0000041013248289,0.01116858659073259,89.53684442306913
0,26,4,0.0,205.708,18425,1.0000074767820608,0.01116461329715061,89.56870904388745
0,26,5,0.0,655.073,58645,0.999994438702422,0.011170142382129763,89.52437361942869
0,26,6,0.021,451.12800000000004,40545,1.000005195709032,0.011126082130965595,89.8788979111386
0,26,7,0.021,164.815,15021,0.9999957320214765,0.01097090739631183,91.15016323409833
0,26,8,0.021,292.079,26853,1.000005058103573,0.010876177708263508,91.94406590471756
0,27,0,0.021,164.215,14730,1.0000020469235436,0.011146911065852003,89.71095167911129
0,27,1,0.021,201.141,18183,0.9999999788060778,0.011060881042732222,90.40871121718378
0,27,2,0.0,293.253,26206,1.000005008638903,0.011190299931313439,89.36310966980732
0,27,3,0.0,172.577,15474,1.0000002348749748,0.011152707767868683,89.66432375113718
0,27,4,0.021,205.708,18424,1.0000019653509213,0.011164079461571863,89.5729919732409
0,27,5,0.0,655.073,58667,1.000002860561372,0.011165953602536348,89.55795766273378
0,27,6,0.0,451.12800000000004,40545,1.0000054708959714,0.011126600073991862,89.87471405011438
0,27,7,0.021,164.815,15016,1.000000716993796,0.010974560468833246,91.11982232362827
0,27,8,0.0,292.186,26778,0.9999972302642682,0.010911419822242138,91.64710150383661
0,28,0,0.0,164.215,14715,1.0000009144393966,0.011159700985389058,89.60813567579089
0,28,1,0.0,201.141,18185,1.0000036171102509,0.011060819356612593,90.4092154259947
0,28,2,0.021,293.23900000000003,26269,1.0000053627000898,0.011162130267615821,89.58863371280071
0,28,3,0.0,172.577,15472,0.9999984578980915,0.01115414943123061,89.6527347213128
0,28,4,0.021,205.708,18418,1.0000017339382605,0.011167716364426105,89.54382143742677
0,28,5,0.0,655.073,58672,1.0000016157009148,0.011165002045268612,89.56559039984856
0,28,6,0.0,451.12800000000004,40559,1.0000009325367223,0.011122759436869746,89.90574737103438
0,28,7,0.021,164.815,14998,1.0000044298107826,0.010987731697559676,91.01059504593613
0,28,8,0.021,292.079,26843,1.000009826291755,0.01088022948254666,91.90982613042614
0,29,0,1.7380000000000002,164.215,14701,0.9999941404576715,0.011052105298959254,90.48049877828862
0,29,1,0.0,201.141,18189,1.0000009917905166,0.011058386937159822,90.42910197324265
0,29,2,0.0,293.23900000000003,26252,1.0000032856167362,0.01117015846411702,89.52424472870253
0,29,3,0.0,172.58700000000002,15463,0.99999992508997,0.011161288236435363,89.5953924687259
0,29,4,0.0,205.708,18454,1.0000003340354975,0.011147068386257722,89.70968557372586
0,29,5,0.0,655.073,58680,1.0000016740615707,0.011163479890933877,89.57780277923224
0,29,6,0.0,451.12800000000004,40545,0.9999974254891376,0.011126600073991862,89.87471405011438
0,29,7,0.0,164.815,15026,0.9999973072474702,0.010968654332490349,91.16888632709403
0,29,8,0.0,292.079,26841,1.0000011185657183,0.010881822584851533,91.89637050250104
0,3,0,8.501,164.215,14718,0.9999929818485406,0.010579834216605516,94.51943948521007
0,3,1,0.0,201.141,18153,0.9999992476246873,0.011080317302925136,90.2501230480111
0,3,2,0.0,293.23900000000003,26262,1.000001584413624,0.011165905110044934,89.55834660464672
0,3,3,0.021,172.577,15443,1.0000010137348883,0.011173735673120508,89.49558404228192
0,3,4,0.021,205.708,18440,0.9999961942785472,0.011154392624728851,89.65078006874522
0,3,5,0.0,655.073,58671,0.9999988497473552,0.011165192343747337,89.5640638524256
0,3,6,0.021,451.12800000000004,40565,1.0000033950149907,0.011120596573400716,89.92323329054969
0,3,7,0.021,164.815,15017,0.9999990302455548,0.010973829659718985,91.1258905057223
0,3,8,0.021,292.079,26832,1.0000035440785888,0.01088468992248062,91.87216237870561
0,30,0,0.0,164.215,14704,1.0000040213271497,0.011168049510337324,89.54115032122522
0,30,1,0.0,201.141,18168,0.9999999557528717,0.011071169088507265,90.32469760019092
0,30,2,0.021,293.244,25571,1.000002742478345,0.011467013413632631,87.20666523430972
0,30,3,0.021,172.57299999999998,15157,1.0000028797401215,0.011384310879461634,87.84018730585564
0,30,4,0.021,205.713,17811,1.0000003678426042,0.01154859356577396,86.59063065165392
0,30,5,0.0,655.073,58670,1.0000029106796322,0.01116538264871314,89.56253730500266
0,30,6,0.0,451.12800000000004,40561,0.9999963821734805,0.011122210990853284,89.91018070259437
0,30,7,0.0,164.815,15005,1.0000033310131324,0.010984005331556149,91.04147073992051
0,30,8,0.0,292.079,26836,0.9999960606096814,0.010883850052168728,91.87925184624709
0,31,0,12.682,164.215,14586,0.9999998083418291,0.010388934594816948,96.25626101245273
0,31,1,0.0,201.141,18184,1.0000047539453052,0.011061427628684558,90.40424378918271
0,31,2,0.0,293.23900000000003,26286,1.0000009924315914,0.01115571026401887,89.64019110691278
0,31,3,0.021,172.577,15471,0.9999984261667028,0.011153513024368173,89.6578502051508
0,31,4,0.021,205.708,18440,0.9999968741097371,0.011154392624728851,89.65078006874522
0,31,5,0.0,655.073,58670,0.9999999577999422,0.01116538264871314,89.56253730500266
0,31,6,0.021,451.12800000000004,40574,0.9999996383021873,0.011118129836841328,89.94318421128467
0,31,7,0.021,164.815,15017,1.000004689042057,0.010973829659718985,91.1258905057223
0,31,8,0.0,292.079,26829,0.9999981979160482,0.010886689775988669,91.85528572749153
0,32,0,33.269,164.215,14731,1.0000015908300257,0.00888914533975969,112.49675438730469
0,32,1,0.021,201.141,18183,0.9999980442488968,0.011060881042732222,90.40871121718378
0,32,2,0.021,293.23900000000003,26272,0.9999941978746617,0.011160855663824605,89.59886500828733
0,32,3,0.021,172.577,15483,1.000006167968742,0.011144868565523477,89.7273928463803
0,32,4,0.0,205.708,18430,1.0000328229804967,0.011161584373304395,89.59301534213546
0,32,5,0.021,655.073,58673,1.0000002717247864,0.01116445383736983,89.5699883368038
0,32,6,0.0,451.12800000000004,40531,1.00000828808928,0.011130443364338409,89.84368072919436
0,32,7,0.0,164.815,15022,0.9999929904999062,0.01097157502329916,91.14461669144193
0,32,8,0.0,292.079,26849,1.0000001938744485,0.01087858020782897,91.92376035250737
0,33,0,33.653,164.215,14724,0.9999996561523541,0.00886729149687585,112.77400775110674
0,33,1,0.0,201.139,17890,1.0000001350855483,0.011243096702068195,88.94346695568736
0,33,2,0.0,293.23900000000003,26269,1.000001506471189,0.01116292968898702,89.58221791780764
0,33,3,0.0,172.574,15432,1.0000016818076536,0.01118286677034733,89.42250860500423
0,33,4,0.021,205.708,18432,1.0000006937671333,0.011159233940972223,89.61188602099305
0,33,5,0.0,655.073,58655,0.9999999510205435,0.011168238001875372,89.53963909365827
0,33,6,0.021,451.12800000000004,40564,0.9999937292331746,0.011120870722808401,89.92101652157913
0,33,7,0.0,164.815,15025,1.0000018653664944,0.010969384359400999,91.16281891818099
0,33,8,0.0,292.079,26857,0.9999989652615731,0.010875339762445545,91.9511502025137
0,34,0,2.293,164.215,14723,0.9999973775227884,0.0109978944508592,90.92649547312904
0,34,1,0.021,201.141,18184,0.9999997091820411,0.011060272767267927,90.41368337311059
0,34,2,0.021,293.23900000000003,26268,1.0000117262856825,0.011162555200243644,89.58522328097183
0,34,3,0.0,172.577,15469,0.9999885938748506,0.0111563126252505,89.63535117657625
0,34,4,0.021,205.708,18454,0.9999979010780421,0.011145930421588816,89.71884465231152
0,34,5,0.0,655.073,58671,1.000000034230678,0.011165192343747337,89.5640638524256
0,34,6,0.021,451.12800000000004,40563,0.9999975026199586,0.011121144885733304,89.91879975260858
0,34,7,0.021,164.815,14773,0.999997839819585,0.011155080213903745,89.64525407478426
0,34,8,0.0,292.079,26805,1.0000068963459074,0.010896437231859728,91.77311617747253
0,35,0,1.7590000000000001,164.215,14647,0.9999958680577874,0.011091418037823446,90.15979711429556
0,35,1,0.021,201.141,18181,0.9999977981800432,0.011062097794400748,90.39876690533015
0,35,2,0.021,293.23900000000003,26196,0.9999898709134091,0.011193235608489846,89.3396721892926
0,35,3,0.0,172.577,15466,0.9999987788271869,0.011158476658476659,89.61796763183969
0,35,4,0.021,205.708,18427,1.000003469900769,0.011162261898301407,89.58757724114794
0,35,5,0.021,655.073,58672,1.000000055418473,0.011164644123261522,89.56846174044198
0,35,6,0.0,451.12800000000004,40577,1.0000011589979474,0.011117825369051435,89.94564735507437
0,35,7,0.0,164.815,15023,1.0000015212831799,0.010970844704785994,91.15068410035495
0,35,8,0.0,292.079,26842,1.0000006159316135,0.010881417182028164,91.89979423375183
0,36,0,0.0,164.21099999999998,14445,1.0000023735773316,0.011368016614745586,87.96609240550268
0,36,1,0.021,201.141,18163,0.9999941102182703,0.01107306061773936,90.30926809864756
0,36,2,0.0,293.23900000000003,26275,1.0000028500221836,0.011160380589914368,89.60267904337417
0,36,3,0.0,172.577,15456,1.0000017898438387,0.011165696169772256,89.56002248271787
0,36,4,0.0,205.708,18438,0.9999983926550615,0.011156741512094587,89.63190541933226
0,36,5,0.0,655.073,58637,1.0000013357135031,0.01117166635400856,89.512161240045
0,36,6,0.021,451.12800000000004,40562,1.0000004450838667,0.011121419062176422,89.91658298363802
0,36,7,0.0,164.815,15003,0.9999969729302104,0.010985469572752116,91.02933592209448
0,36,8,0.021,292.079,26782,1.0000018921695204,0.010905010828168173,91.70096350724856
0,37,0,0.021,164.215,14704,1.000002080530825,0.011166621327529925,89.55260240934503
0,37,1,0.021,201.141,18173,0.9999970900420037,0.011066967479227426,90.35898965791567
0,37,2,0.021,293.23900000000003,26254,0.999999511227077,0.011168507655976233,89.53747723536753
0,37,3,0.021,172.577,15457,1.0000092153044053,0.011163615190528563,89.57671712371635
0,37,4,0.0,205.708,18425,0.9999977303458327,0.01116461329715061,89.56870904388745
0,37,5,0.0,655.073,58672,0.9999987427415556,0.011165002045268612,89.56559039984856
0,37,6,0.021,451.12800000000004,40573,0.9999788588315497,0.011118403864639047,89.94096744231412
0,37,7,0.021,164.815,15043,0.9999930061428891,0.010954862726849698,91.2836632401665
0,37,8,0.021,292.079,26821,0.999993334165475,0.010889154021102868,91.83449862698505
0,38,0,0.0,164.205,14627,1.0000027712675243,0.011226157106720449,89.07767729362686
0,38,1,0.0,201.141,18185,1.000000535865908,0.011060819356612593,90.4092154259947
0,38,2,0.021,293.23900000000003,26270,0.9999935139789183,0.01116170536733917,89.5920441446296
0,38,3,0.021,172.577,15464,0.9999972032515373,0.011158561821003622,89.61728366443357
0,38,4,0.021,205.708,18438,0.9999970222263088,0.011155602559930578,89.64105655680719
0,38,5,0.0,655.073,58677,0.9999973633000521,0.011164050650169573,89.57322313696336
0,38,6,0.0,451.12800000000004,40559,0.9999946360543255,0.011122759436869746,89.90574737103438
0,38,7,0.0,164.815,14998,1.0000046249016559,0.010989131884251234,90.99899887752935
0,38,8,0.0,292.079,26797,1.000006352290807,0.010899690263835504,91.7457263274662
0,39,0,0.021,164.215,14711,1.000002693518863,0.011161307864863029,89.59523490505133
0,39,1,0.021,201.141,18177,0.9999932845953126,0.011064532101006767,90.3788782816229
0,39,2,0.021,293.23900000000003,26251,0.9999971813237417,0.011169784008228259,89.5272459398809
0,39,3,0.0,172.577,15452,0.9999954950076794,0.01116858659073259,89.53684442306913
0,39,4,0.021,205.708,18400,1.0000029479151018,0.011178641304347826,89.45630982998439
0,39,5,0.0,655.073,58491,0.99999918843929,0.011199552067839496,89.289285316293
0,39,6,0.0,451.12800000000004,40548,1.0000009512754955,0.011125776857058301,89.88136404745438
0,39,7,0.021,164.815,15031,0.9999972461492826,0.010963608542345819,91.2108450550384
0,39,8,0.0,292.079,26816,1.0000025844696068,0.010891967482100239,91.81077722123123
0,4,0,2.015,164.215,14725,0.999999234641124,0.011015280135823431,90.78298397040689
0,4,1,0.021,201.141,18181,0.9999999997318235,0.011062097794400748,90.39876690533015
0,4,2,0.0,293.23900000000003,26289,1.0000024083972,0.011154437217086996,89.65042166969604
0,4,3,0.021,172.577,15488,0.9999988849475776,0.011141270661157025,89.75636894689261
0,4,4,0.0,205.708,18438,0.999990240289452,0.011156741512094587,89.63190541933226
0,4,5,0.021,655.073,58678,0.9999962740253099,0.01116350250519786,89.57762131861287
0,4,6,0.021,451.12800000000004,40558,0.9999995034493364,0.011122515903151043,89.90771590775582
0,4,7,0.0,164.815,15017,0.9999967104725649,0.010975228074848504,91.11427964687681
0,4,8,0.0,292.079,26836,0.9999989489327267,0.010883850052168728,91.87925184624709
0,40,0,0.0,164.215,14705,0.9999976562553865,0.011167290037402244,89.547239898913
0,40,1,0.021,201.141,18166,1.0000009046198266,0.01107123197181548,90.324184566428
0,40,2,0.021,293.23900000000003,26260,1.0000036522832636,0.011165955826351867,89.5579398263408
0,40,3,0.021,172.577,15455,1.000002281163189,0.011165059851180848,89.56512668351144
0,40,4,0.0,205.708,18404,1.0000037836325113,0.011177352749402304,89.46662259124584
0,40,5,0.021,655.073,58636,1.0000002663336662,0.01117149873797667,89.51350427141662
0,40,6,0.021,451.12800000000004,40546,1.0000011940454998,0.011125807724559759,89.88111468010915
0,40,7,0.021,164.815,14999,1.0000018893899292,0.010986999133275553,91.01666322803014
0,40,8,0.0,292.079,26820,0.9999952619004758,0.01089034302759135,91.82447214623441
0,41,0,0.0,164.215,14698,0.9999986810590586,0.011172608518165737,89.5046128550985
0,41,1,0.021,201.141,18178,0.9999968346326991,0.011063923423919023,90.38385043754973
0,41,2,0.021,293.23900000000003,26193,0.999998301285654,0.01119451761921124,89.32944089380597
0,41,3,0.021,172.577,15447,1.0000046956686606,0.011170842234738137,89.51876492269176
0,41,4,0.0,205.708,18430,1.000001036873635,0.011161584373304395,89.59301534213546
0,41,5,0.0,655.073,58663,0.9999996792680729,0.011166714965139867,89.55185147304194
0,41,6,0.021,451.12800000000004,40533,0.9999885213522199,0.011129376063947895,89.85229668349193
0,41,7,0.021,164.815,15014,1.0000006446744023,0.010976022379112828,91.10768595944027
0,41,8,0.0,292.079,26813,1.0000044177515797,0.010893186141050983,91.80050602747887
0,42,0,0.0,164.215,14707,1.000004906897811,0.011165771401373497,89.55941905428858
0,42,1,0.0,201.141,18182,1.0000003906234658,0.011062644373556264,90.39430051555874
0,42,2,0.021,293.23900000000003,26266,0.9999976387201254,0.011163405162567579,89.57840241731407
0,42,3,0.0,172.577,15468,0.9999952455385079,0.011157033876389966,89.62955666166407
0,42,4,0.021,205.708,18417,0.9999919561052767,0.011168322745289679,89.53895968145774
0,42,5,0.021,655.073,58675,0.9999988032290791,0.011164073285044738,89.57304152952743
0,42,6,0.021,451.12800000000004,40558,0.99999889141676,0.011122515903151043,89.90771590775582
0,42,7,0.0,164.815,15007,1.0000077470889825,0.010982541480642366,91.05360555774656
0,42,8,0.0,292.079,26844,1.000000996837497,0.010880606466994487,91.9066416962534
0,43,0,0.0,164.215,14719,0.9999990255367749,0.011156668251919289,89.63249398654203
0,43,1,0.021,201.141,18193,0.9999968316212141,0.01105480129720222,90.45843277645187
0,43,2,0.0,293.23900000000003,26260,1.0000004248522358,0.011166755521706017,89.55152622945788
0,43,3,0.0,172.577,15474,0.9999923948136885,0.011152707767868683,89.66432375113718
0,43,4,0.021,205.708,18432,0.9999922963813549,0.011159233940972223,89.61188602099305
0,43,5,0.021,655.073,58671,0.999996849752914,0.011164834415639754,89.56693514408016
0,43,6,0.021,451.12800000000004,40559,1.0000018462606413,0.011122241672625065,89.90993267672637
0,43,7,0.0,164.815,15019,1.0000041661906123,0.010973766562354352,91.12641446470285
0,43,8,0.0,292.079,26807,1.000006179029975,0.01089562427724102,91.77996363997411
0,44,0,0.0,164.215,14709,1.0000035127959874,0.011164253178326195,89.57159820966416
0,44,1,0.0,201.141,18182,0.9999986020191678,0.011062644373556264,90.39430051555874
0,44,2,0.021,293.23900000000003,26257,0.9999990632403981,0.011167231595384089,89.54770853085417
0,44,3,0.0,172.577,15456,0.9999999110226963,0.011165696169772256,89.56002248271787
0,44,4,0.021,205.708,18435,1.0000041080694215,0.011157417954976946,89.62647128890012
0,44,5,0.0,655.073,58547,1.0000020503432816,0.01118883973559704,89.3747719719787
0,44,6,0.0,451.12800000000004,40555,0.999994914531604,0.011123856491184811,89.89688070791438
0,44,7,0.021,164.815,15016,0.9999985941973785,0.010974560468833246,91.11982232362827
0,44,8,0.021,292.079,26819,1.0000007814282554,0.010889966068831799,91.82765067212677
0,45,0,0.0,164.215,14704,0.9999974026681098,0.011168049510337324,89.54115032122522
0,45,1,0.0,201.141,18178,1.0000024085306927,0.011065078666519968,90.37441396831079
0,45,2,0.021,293.23900000000003,26268,1.0000011597604859,0.011162555200243644,89.58522328097183
0,45,3,0.0,172.577,15476,1.000003915033324,0.011151266477125872,89.67591278096154
0,45,4,0.0,205.708,18435,1.0000019147491093,0.011158557092487116,89.61732164038347
0,45,5,0.0,655.073,58671,0.9999997899385885,0.011165192343747337,89.5640638524256
0,45,6,0.0,451.12800000000004,40492,1.0000048608072876,0.011141163686654154,89.75723076377436
0,45,7,0.0,164.815,15016,0.9999997256824692,0.010975958977091103,91.10821223796377
0,45,8,0.0,292.079,26866,0.9999995456675717,0.010871696568153056,91.98196378377082
0,46,0,0.0,164.215,14707,1.000005252817473,0.011165771401373497,89.55941905428858
0,46,1,0.021,201.141,18182,0.9999984218771303,0.011061489385106149,90.40373906125696
0,46,2,0.021,293.23900000000003,26252,0.9999986316403259,0.011169358525064758,89.53065637170978
0,46,3,0.0,172.577,15474,0.9999986295020828,0.011152707767868683,89.66432375113718
0,46,4,0.0,205.708,18440,1.0000007781459017,0.011155531453362256,89.64162793863146
0,46,5,0.021,655.073,58671,0.9999994888287518,0.011164834415639754,89.56693514408016
0,46,6,0.021,451.12800000000004,40559,0.9999988300070345,0.011122241672625065,89.90993267672637
0,46,7,0.021,164.815,15013,1.00000175159767,0.01097675348031706,91.10161777734626
0,46,8,0.021,292.079,26820,0.9999982378568666,0.010889560029828486,91.8310746495559
0,47,0,0.0,164.215,14695,1.0000005740546705,0.011174889418169446,89.48634412203513
0,47,1,0.0,201.141,18179,0.9999999267649825,0.01106446999284889,90.37938560512279
0,47,2,0.0,293.23900000000003,26254,0.9999940846627311,0.011169307534090045,89.53106510389135
0,47,3,0.0,172.577,15461,0.999997691954615,0.011162085246749887,89.58899505727878
0,47,4,0.021,205.708,18435,1.0000025906718704,0.011157417954976946,89.62647128890012
0,47,5,0.0,655.073,58678,1.000003956897754,0.01116386039060636,89.57474968438633
0,47,6,0.021,451.12800000000004,40541,0.9999914870596828,0.011127179891961225,89.87003083525637
0,47,7,0.021,164.815,15024,1.000006808487518,0.010968716719914803,91.16836778038035
0,47,8,0.0,292.079,26820,1.0000096519292705,0.01089034302759135,91.82447214623441
0,48,0,0.021,164.215,14698,1.0000017277855,0.011171179752347259,89.51606027016821
0,48,1,0.0,201.141,18163,0.9999968750575824,0.011074216814402906,90.29983941613098
0,48,2,0.0,293.23900000000003,26245,0.9999985411550949,0.011173137740522006,89.50037341554157
0,48,3,0.0,172.577,15454,1.0000063037040527,0.011167141193218584,89.54843345289349
0,48,4,0.021,205.708,18430,1.0000022367375079,0.011160444926749865,89.60216250905502
0,48,5,0.021,655.073,58600,0.9999982342145552,0.011178361774744027,89.45854680239127
0,48,6,0.021,451.12800000000004,40551,1.0000085273417463,0.011124435895538952,89.89219852496191
0,48,7,0.0,164.815,15020,0.999999519112569,0.010973035952063915,91.13248187361587
0,48,8,0.021,292.079,26811,1.000000913624648,0.010893215471261795,91.80025885269364
0,5,0,3.0180000000000002,164.215,14716,1.0000057812982832,0.010953859744495788,91.29202156367674
0,5,1,0.021,201.141,18182,0.99999328502857,0.011061489385106149,90.40373906125696
0,5,2,0.021,293.23900000000003,26286,1.0000024846152213,0.011154911359659134,89.64661105389165
0,5,3,0.0,172.577,15476,0.9999964681058916,0.011151266477125872,89.67591278096154
0,5,4,0.0,205.708,18439,1.0000011657029784,0.011156136449915938,89.63676667898186
0,5,5,0.021,655.073,58650,0.9999971847697843,0.011168832054560955,89.53487662048204
0,5,6,0.021,451.12800000000004,40556,0.9999975097079015,0.011123064404773647,89.90328236981469
0,5,7,0.0,164.815,15020,1.0000011267957827,0.010973035952063915,91.13248187361587
0,5,8,0.0,292.079,26823,0.9999965147297968,0.01088912500466018,91.83474333998679
0,6,0,1.7590000000000001,164.215,14717,0.9999977041907191,0.011038662770945167,90.59068301570886
0,6,1,0.0,201.141,18106,0.9999973362595644,0.01110907986302883,90.01645611784768
0,6,2,0.0,293.23900000000003,26286,0.9999932384132588,0.01115571026401887,89.64019110691278
0,6,3,0.0,172.577,15477,1.0000002865784372,0.011150545971441495,89.68170729587372
0,6,4,0.021,205.708,18430,0.9999959711905888,0.011160444926749865,89.60216250905502
0,6,5,0.0,655.073,58649,1.0000028526356086,0.011169380552098075,89.53047980912051
0,6,6,0.021,451.12800000000004,40565,0.9999993839565902,0.011120596573400716,89.92323329054969
0,6,7,0.021,164.815,15025,1.0000053161350457,0.010967986688851914,91.17443596247436
0,6,8,0.021,292.079,26843,1.0000046429473797,0.01088022948254666,91.90982613042614
0,7,0,6.622999999999999,164.215,14736,0.999995010419388,0.010694353963083606,93.50728463373774
0,7,1,0.021,201.141,18182,0.999997306805489,0.011061489385106149,90.40373906125696
0,7,2,0.0,293.23900000000003,26267,1.0000160491056929,0.011163779647466404,89.57539754261882
0,7,3,0.021,172.577,15476,1.000001103839736,0.011149909537348153,89.68682630566308
0,7,4,0.021,205.708,18441,1.0000034214175708,0.01115378775554471,89.65564182471425
0,7,5,0.021,655.073,58652,1.0000000073468107,0.011168451203710019,89.53792981320566
0,7,6,0.0,451.12800000000004,40550,1.000005416712597,0.011125228113440199,89.88579737901436
0,7,7,0.0,164.815,15028,0.9999995782584982,0.010967194570135747,91.18102114492005
0,7,8,0.021,292.079,26802,1.0000085705208577,0.01089687336765913,91.76944305583137
0,8,0,8.927,164.215,14737,1.0000017256985099,0.010537287100495353,94.90108701251867
0,8,1,0.021,201.141,18173,1.000001354896139,0.011066967479227426,90.35898965791567
0,8,2,0.0,293.248,26269,1.0000009327369386,0.011163272298146103,89.5794685726757
0,8,3,0.0,172.577,15480,0.9999974297671392,0.011148385012919896,89.69909084061028
0,8,4,0.0,205.717,18428,1.0000012376456964,0.011163284132841329,89.57937360548715
0,8,5,0.0,655.073,58666,0.9999963454097857,0.011166143933453788,89.55643111531082
0,8,6,0.021,451.12800000000004,40576,0.999998242181971,0.011117581821766562,89.94761774922578
0,8,7,0.0,164.815,15012,1.0000020310163729,0.010978883559818811,91.08394260231168
0,8,8,0.021,292.079,26827,0.9999987806398417,0.010886718604391098,91.8550424915599
0,9,0,0.021,164.215,14718,0.9999989426354713,0.011155999456447888,89.63786740075763
0,9,1,0.0,201.141,18182,1.0000000879066464,0.011062644373556264,90.39430051555874
0,9,2,0.0,293.23900000000003,26257,0.9999999738175129,0.01116803138210763,89.54129566667461
0,9,3,0.0,172.577,15457,1.0000061047983264,0.011164973798279097,89.56581699763004
0,9,4,0.021,205.708,18433,0.9999947961903127,0.01115862854662833,89.61674777696209
0,9,5,0.0,655.061,58650,0.9999974743264786,0.011168985507246378,89.53364648483118
0,9,6,0.021,451.12800000000004,40564,0.9999998405237301,0.011120870722808401,89.92101652157913
0,9,7,0.0,164.815,15039,1.0000039445633973,0.010959172817341578,91.24776264296332
0,9,8,0.0,292.079,26828,0.9999940563908528,0.010887095571790666,91.85186199624074
1,1,0,0.021,278.327,24917,1.00000302645416,0.01116932214953646,89.53094794937947
1,1,1,0.0,341.056,30535,0.9999986969886803,0.011169346651383657,89.53075154813287
1,1,2,0.0,186.03900000000002,16683,1.0000128601905087,0.011151411616615717,89.67474561785431
1,1,3,0.0,361.335,32385,0.9999984696920017,0.01115748031496063,89.62597035991531
1,1,4,0.0,172.015,15814,0.9999951493133962,0.010877387125331983,91.93384297880999
1,1,5,0.021,205.623,18428,1.0000034081782543,0.011157043629259822,89.62947831246778
1,1,6,0.021,373.066,33390,0.9999981583366483,0.011172356993111709,89.50662788671609
1,1,7,0.021,226.017,20252,0.9999981917443963,0.011159194153663836,89.61220552576151
1,1,8,0.0,520.503,46616,1.0000002230161422,0.011165758537841085,89.55952223138003
1,10,0,0.0,278.327,24928,1.0000022226785255,0.011165235879332477,89.56371462344653
1,10,1,0.0,341.056,30532,0.9999998962814786,0.011170444124197562,89.52195533871271
1,10,2,0.0,186.03900000000002,16662,1.0000012266202967,0.011165466330572561,89.56186606034218
1,10,3,0.021,361.335,32334,0.9999994172228296,0.011174429393208386,89.49002806423223
1,10,4,0.0,172.015,15816,0.9999981545864666,0.010876011633788568,91.94546987181351
1,10,5,0.0,205.623,18417,0.9999987520643925,0.011164847695064341,89.5668286135306
1,10,6,0.0,373.045,33415,1.0000022602062544,0.011163998204399223,89.57364393035692
1,10,7,0.0,226.017,20259,1.0000012869374826,0.011156374944469125,89.63485047584916
1,10,8,0.0,520.503,46606,1.0000022773252213,0.011168154314895078,89.54031004624373
1,11,0,0.0,278.327,24895,1.0000005153294935,0.011180036151837719,89.44514905129577
1,11,1,0.0,341.041,30537,0.9999900089445205,0.011168123915250351,89.54055377505931
1,11,2,0.0,186.03900000000002,16691,0.9999965411991159,0.011146066742555869,89.71774735404942
1,11,3,0.0,361.335,32369,0.9999983827988227,0.011162995458617812,89.58169012135554
1,11,4,0.021,172.015,15820,1.0000021570518536,0.010871934260429835,91.97995278905078
1,11,5,0.021,205.623,18433,0.9999975575809743,0.011154017251668204,89.65379714205115
1,11,6,0.021,373.066,33416,0.9999932927891649,0.011163664112999759,89.57632457210258
1,11,7,0.021,226.017,20243,0.99999977207335,0.011164155510546857,89.57238181206746
1,11,8,0.021,520.503,46602,1.000002312438497,0.01116866228917214,89.53623756441144
1,12,0,0.0,278.327,24928,0.9999959425569597,0.011165235879332477,89.56371462344653
1,12,1,0.021,341.041,30547,1.0000047449804996,0.011163780403967656,89.5753914726409
1,12,2,0.0,186.03900000000002,16677,0.9999988124687553,0.011155423637344846,89.64249431570799
1,12,3,0.0,361.335,32380,0.9999928344058745,0.011159203211859172,89.61213278536539
1,12,4,0.0,172.015,15842,0.9999998117723129,0.010858161848251483,92.09661948085923
1,12,5,0.021,205.623,18429,1.0000038297933713,0.011156438222366921,89.63434207838445
1,12,6,0.0,373.066,33406,1.0000066560568386,0.011167634556666466,89.5444773846987
1,12,7,0.021,226.017,20276,1.000009577062521,0.011145985401459854,89.71840209561232
1,12,8,0.0,520.503,46608,1.0000055490170598,0.01116767507723996,89.54415248327099
1,13,0,0.0,278.327,24927,1.0000019663771613,0.011165683796686324,89.56012172732075
1,13,1,0.0,341.041,30548,0.9999985153682514,0.011164102396228885,89.5728079615061
1,13,2,0.0,186.03900000000002,16673,1.0000020341674478,0.01115809992202963,89.62099344761045
1,13,3,0.0,361.335,32381,1.0000005917059775,0.011158858589913837,89.61490030027538
1,13,4,0.0,172.015,15796,1.0000026980967185,0.010889782223347681,91.82920094177835
1,13,5,0.0,205.623,18415,0.9999971981047698,0.01116606027694814,89.55710207515696
1,13,6,0.021,373.066,33427,1.0000040989651724,0.011159990426900409,89.60581163130455
1,13,7,0.0,226.017,20248,1.0000021595106225,0.011162435796128013,89.58618157041285
1,13,8,0.021,520.503,46606,1.0000005103505067,0.01116770372913359,89.54392274852924
1,14,0,0.0,278.327,24886,0.9999960854602118,0.011184079402073456,89.41281298616376
1,14,1,0.0,341.041,30533,1.0000017866833633,0.011169587004224936,89.52882497998775
1,14,2,0.021,186.03900000000002,16674,0.9999973958156779,0.011156171284634763,89.63648679160079
1,14,3,0.021,361.335,32356,0.9999968676199987,0.011166831499567313,89.55091693097971
1,14,4,0.0,172.015,15824,1.0000003314949888,0.010870513144590494,91.99197744382758
1,14,5,0.021,205.623,18417,0.9999978539168498,0.011163707444209154,89.57597688738437
1,14,6,0.0,373.066,33424,1.0000002072151735,0.011161620392532311,89.59272622002543
1,14,7,0.021,226.017,20251,0.9999994236826325,0.011159745197768012,89.6077806686844
1,14,8,0.021,520.503,46607,1.0000006833367034,0.011167464114832538,89.54584404455868
1,15,0,0.0,278.327,24917,1.000000064457001,0.011170164947626118,89.52419276606295
1,15,1,0.021,341.041,30515,1.000001067800478,0.011175487465181058,89.481555333998
1,15,2,0.0,186.03900000000002,16653,0.9999967777700108,0.011171500630517025,89.5134891071227
1,15,3,0.0,361.335,32367,0.9999988536736377,0.011163685234961534,89.57615509153557
1,15,4,0.0,172.015,15827,0.9999958419283822,0.01086845264421558,92.00941778333285
1,15,5,0.0,205.623,18432,0.999998307039867,0.011155761718749999,89.63977765133279
1,15,6,0.021,373.066,33425,1.0000002165044088,0.01116065818997756,89.60045034781328
1,15,7,0.021,226.017,20259,1.0000010130634673,0.011155338368132683,89.64317952530132
1,15,8,0.021,520.503,46608,0.9999977988766728,0.011167224510813596,89.54776534058813
1,16,0,0.0,278.32599999999996,24830,1.0000028319292509,0.01120926298832058,89.21193133232254
1,16,1,0.021,341.041,30390,1.0000011370027564,0.01122145442579796,89.1150079174242
1,16,2,0.021,186.03900000000002,16617,0.9999982367452788,0.011194439429499912,89.33006483243555
1,16,3,0.021,361.343,32064,1.0000017004526003,0.0112687749500998,88.74079076280991
1,16,4,0.021,172.015,15812,1.0000040625680922,0.010877434859600304,91.93343953858854
1,16,5,0.0,205.623,18408,0.9999997324455208,0.011170306388526728,89.52305919084927
1,16,6,0.0,373.066,33261,0.9999955022506616,0.011216319413126483,89.15580621123341
1,16,7,0.021,226.014,20073,1.00000066767906,0.011258556269615904,88.8213351740983
1,16,8,0.021,520.503,46590,1.0000048626238855,0.011171538956857697,89.51318201205804
1,17,0,0.021,278.327,24923,1.0000004449899134,0.011166633230349476,89.5525069527786
1,17,1,0.0,341.041,30538,0.9999970354329724,0.011167758202894755,89.54348597382719
1,17,2,0.0,186.03900000000002,16674,1.0000011892296448,0.01115743073047859,89.62636866463482
1,17,3,0.0,361.335,32374,1.0000010187999375,0.011161271390622103,89.59552769590547
1,17,4,0.021,172.015,15802,1.000001104368462,0.010884318440703708,91.87529797551078
1,17,5,0.0,205.62,18396,0.9999933338148623,0.011177429876060014,89.46600525240734
1,17,6,0.0,373.066,33418,0.9999924828034487,0.01116362439403914,89.5766432749165
1,17,7,0.021,226.017,20252,0.9999995749278986,0.011159194153663836,89.61220552576151
1,17,8,0.0,520.503,46596,1.0000025393610472,0.011170551120267835,89.52109786110742
1,18,0,0.021,278.327,24927,0.9999995151078347,0.011164841336703172,89.56687962171137
1,18,1,0.0,341.041,30526,0.9999986372704083,0.011172148332568958,89.5082995886125
1,18,2,0.0,186.03900000000002,16675,1.0000009559564138,0.011156761619190405,89.63174388165922
1,18,3,0.0,361.33,32319,0.9999965539800837,0.011180110770754046,89.44455207151357
1,18,4,0.021,172.015,15797,0.9999959239071426,0.01088776349939862,91.84622719397188
1,18,5,0.0,205.623,18403,1.0000121741799206,0.011173341303048416,89.49874284491521
1,18,6,0.0,373.066,33424,1.0000003218618982,0.011161620392532311,89.59272622002543
1,18,7,0.021,226.017,20252,0.9999982861076647,0.011159194153663836,89.61220552576151
1,18,8,0.0,520.503,46604,0.9999961406991252,0.011168633593682947,89.53646760921646
1,19,0,0.0,278.327,24911,0.9999989907674782,0.011172855365099755,89.50263538930827
1,19,1,0.0,341.041,30518,0.9999983834664795,0.0111750770037355,89.48484199846939
1,19,2,0.0,186.03900000000002,16661,0.999991176537184,0.01116613648640538,89.55649084331779
1,19,3,0.0,361.335,32354,0.9999964286137588,0.011168170859862768,89.54017739770573
1,19,4,0.021,172.015,15827,1.0000051568226371,0.010867125797687496,92.02065188320523
1,19,5,0.021,205.623,18429,1.0000046603943122,0.011156438222366921,89.63434207838445
1,19,6,0.021,373.066,33419,0.9999990747393411,0.01116266195876597,89.58436649733947
1,19,7,0.0,226.017,20249,0.9999989830839969,0.011161884537508025,89.5906060163616
1,19,8,0.0,520.503,46582,0.999998294496161,0.011173908376626166,89.4942008019166
1,2,0,0.021,278.327,24913,1.0000044029389925,0.011171115481876931,89.5165752804467
1,2,1,0.0,341.056,30550,1.00000098171949,0.011163862520458265,89.57473259523363
1,2,2,0.021,186.03900000000002,16677,0.9999992477779461,0.011154164418060804,89.65261426313582
1,2,3,0.021,361.335,32381,1.0000064855288189,0.01115821006145579,89.62010882501094
1,2,4,0.0,172.015,15815,1.0000040850203662,0.010876699336073348,91.93965642531175
1,2,5,0.0,205.623,18434,0.9999959713853191,0.011154551372463925,89.6495041897064
1,2,6,0.0,373.066,33427,1.0000006110430804,0.011160618661561013,89.60076769257986
1,2,7,0.0,226.017,20253,1.0000000039082289,0.011159680047400386,89.60830380015662
1,2,8,0.0,520.503,46617,0.9999992413209012,0.01116551901666774,89.56144344989364
1,20,0,0.021,278.327,24931,1.000003728817622,0.011163050018049818,89.58125229064412
1,20,1,0.0,341.041,30544,0.9999979310893398,0.011165564431639602,89.56107916643454
1,20,2,0.0,186.03900000000002,16673,1.0000070496514457,0.01115809992202963,89.62099344761045
1,20,3,0.0,361.335,32358,1.000008414239781,0.011166790283701093,89.55124745734568
1,20,4,0.021,172.015,15807,1.000000818655145,0.010880875561460113,91.90436875704967
1,20,5,0.021,205.623,18401,1.0000017407074167,0.011173414488343025,89.49815663271758
1,20,6,0.0,373.066,33336,0.9999975234087742,0.011191084713222941,89.35684302509476
1,20,7,0.021,226.017,20253,0.9999991666850988,0.011158643163975707,89.61663038283864
1,20,8,0.0,520.503,46536,1.0000020384913677,0.011184953584321816,89.40582475028963
1,21,0,0.021,278.327,24920,0.9999969556198577,0.011167977528089887,89.54172745107904
1,21,1,0.021,341.041,30536,1.000000686828633,0.01116780193869531,89.54313529998241
1,21,2,0.0,186.03900000000002,16666,1.0000022588455006,0.01116278651146046,89.58336692843973
1,21,3,0.0,361.335,32383,0.9999988068641762,0.011158169409875551,89.62043533009535
1,21,4,0.0,172.015,15807,1.0000012745710345,0.010882204086796987,91.89314885329769
1,21,5,0.0,205.623,18431,0.9999967393260749,0.011156366990396615,89.63491438214596
1,21,6,0.0,373.066,33417,0.9999998140873203,0.01116395846425472,89.57396278406503
1,21,7,0.0,226.017,20248,1.0000006605409884,0.011162435796128013,89.58618157041285
1,21,8,0.0,520.503,46603,1.000001201745808,0.011168873248503316,89.53454639070283
1,22,0,0.0,278.327,24892,1.0000020046138829,0.011181383577052869,89.43437036291843
1,22,1,0.0,341.056,30539,1.0000005439600164,0.011167883689708242,89.54247982735973
1,22,2,0.0,186.03900000000002,16669,1.0000002348870867,0.01116077749115124,89.5994925795129
1,22,3,0.0,361.335,32369,0.9999985466113679,0.011162995458617812,89.58169012135554
1,22,4,0.021,172.015,15815,1.0000028879257479,0.010875371482769522,91.9508820075119
1,22,5,0.0,205.623,18430,1.0000021665750571,0.011156972327726533,89.63005111295915
1,22,6,0.021,373.066,33426,1.000001880724238,0.011160324298450307,89.6031309895589
1,22,7,0.021,226.017,20253,1.0000024985083502,0.011158643163975707,89.61663038283864
1,22,8,0.0,520.503,46599,1.000000680385525,0.011169831970643147,89.52686151664831
1,23,0,0.021,278.32099999999997,24870,0.999990987397714,0.01119018898271009,89.36399568810637
1,23,1,0.021,341.041,30511,0.9999945790977953,0.011176952574481334,89.46982581666765
1,23,2,0.021,186.03900000000002,16674,1.0000021685956906,0.011156171284634763,89.63648679160079
1,23,3,0.0,361.335,32364,0.999992062999047,0.011164720059325176,89.5678525468056
1,23,4,0.021,172.015,15815,0.9999987825019677,0.010875371482769522,91.9508820075119
1,23,5,0.0,205.623,18397,1.0000010228660658,0.011176985378050768,89.46956322979435
1,23,6,0.0,373.066,33367,1.0000043471053452,0.011180687505619324,89.43993824149078
1,23,7,0.0,226.017,20250,0.9999989279369411,0.011161333333333334,89.59503046231035
1,23,8,0.0,520.503,46602,0.9999991729742003,0.011169112913608859,89.5326251721892
1,24,0,0.0,278.32099999999997,24832,0.9999998796149671,0.011208158827319587,89.22071996004614
1,24,1,0.0,341.041,30389,0.9999962815180078,0.011222514725723123,89.10658835741157
1,24,2,0.021,186.03900000000002,16663,0.9999993252359262,0.011163535977915143,89.57735272930574
1,24,3,0.0,361.335,32373,1.000003330182139,0.01116161616161616,89.59276018099548
1,24,4,0.021,172.015,15804,0.9999960233984257,0.010882941027587953,91.88692628812633
1,24,5,0.0,205.623,18432,0.9999929551671463,0.011155761718749999,89.63977765133279
1,24,6,0.0,373.066,33425,0.9999956332277342,0.01116128646222887,89.5954067108769
1,24,7,0.021,226.017,20250,1.0000014986918246,0.011160296296296297,89.60335581160729
1,24,8,0.0,520.503,46602,1.000000321459461,0.011169112913608859,89.5326251721892
1,25,0,0.0,278.327,24928,1.0000015795665342,0.011165235879332477,89.56371462344653
1,25,1,0.0,341.041,30544,0.9999978282248575,0.011165564431639602,89.56107916643454
1,25,2,0.021,186.03900000000002,16664,1.000001261906947,0.011162866058569372,89.58272855315076
1,25,3,0.0,361.335,32371,0.9999993998059833,0.011162305767507954,89.5872251511755
1,25,4,0.021,172.015,15804,1.0000009818058015,0.010882941027587953,91.88692628812633
1,25,5,0.0,205.623,18420,0.9999991742825246,0.011163029315960912,89.58141842109103
1,25,6,0.0,373.066,33414,0.9999990766252929,0.011164960794876399,89.56592131151056
1,25,7,0.021,226.017,20254,1.000002159435678,0.011158092228695567,89.62105523991575
1,25,8,0.0,520.503,46604,1.0000007829224542,0.011168633593682947,89.53646760921646
1,26,0,0.0,278.327,24928,0.9999988783644534,0.011165235879332477,89.56371462344653
1,26,1,0.0,341.041,30510,1.0000027743733775,0.011178007210750573,89.46138440832627
1,26,2,0.0,186.03900000000002,16676,1.0000022489315858,0.011156092588150637,89.6371190986836
1,26,3,0.0,361.349,32346,0.9999976346353567,0.011171365856674704,89.51456901776399
1,26,4,0.0,172.015,15798,1.0000016389062203,0.01088840359539182,91.84082783478186
1,26,5,0.021,205.623,18427,1.0000047251847108,0.0111576491018614,89.6246145465511
1,26,6,0.0,373.066,33420,1.0000028951894286,0.011162956313584679,89.58200425661948
1,26,7,0.0,226.017,20267,0.9999964991450498,0.011151971184684462,89.6702460434392
1,26,8,0.0,520.503,46608,0.99999769014515,0.01116767507723996,89.54415248327099
1,27,0,0.021,278.327,24882,1.0000005219737145,0.01118503335744715,89.40518709621783
1,27,1,0.021,341.041,30530,1.0000026084953886,0.011169996724533246,89.52554102398686
1,27,2,0.021,186.03900000000002,16660,1.0000037094354035,0.011165546218487397,89.56122525777074
1,27,3,0.021,361.335,32377,0.9999972041189936,0.011159588596843437,89.60903812196594
1,27,4,0.0,172.015,15805,1.000001108684459,0.010883581145207212,91.88152196029417
1,27,5,0.021,205.623,18413,1.0000085057374601,0.011166132623689784,89.55652182371767
1,27,6,0.021,373.066,33417,1.0000020605151463,0.011163330041595594,89.5790052138482
1,27,7,0.0,226.017,20237,1.000002941126789,0.011168503236645748,89.53751266497653
1,27,8,0.0,520.503,46596,1.0000002690200842,0.011170551120267835,89.52109786110742
1,28,0,0.0,278.327,24911,0.9999993557849761,0.011172855365099755,89.50263538930827
1,28,1,0.0,341.041,29606,1.0000031829733087,0.0115193204080254,86.81067672215364
1,28,2,0.0,186.03900000000002,16123,1.000002474700641,0.011538733486323886,86.66462408419738
1,28,3,0.021,361.338,32099,0.9999978559650906,0.01125633197295866,88.83888662863912
1,28,4,0.021,172.015,15777,0.9999942112979272,0.010901565570133739,91.72994406781632
1,28,5,0.0,205.623,18391,1.0000056557555685,0.011180631830786797,89.44038361467346
1,28,6,0.0,373.066,33423,1.0000006883546855,0.01116195434281782,89.59004572917394
1,28,7,0.0,226.017,20270,0.9999960459585644,0.01115032067094228,89.68351938128548
1,28,8,0.021,520.503,46586,1.0000079259860415,0.01117249817541751,89.50549682794023
1,29,0,0.021,278.327,24887,0.9999981115910911,0.011182786193595048,89.42315293238379
1,29,1,0.0,341.041,30545,0.9999954811617564,0.011165198886888198,89.56401136520242
1,29,2,0.021,186.03900000000002,16674,0.999996050462484,0.011156171284634763,89.63648679160079
1,29,3,0.0,361.335,32381,1.0000010944263367,0.011158858589913837,89.61490030027538
1,29,4,0.0,172.015,15822,1.0000003187213524,0.010871887245607382,91.98035055082406
1,29,5,0.0,205.623,18434,1.0000055246245774,0.011154551372463925,89.6495041897064
1,29,6,0.021,373.066,33388,0.9999946039646723,0.011173026236971365,89.50126660322482
1,29,7,0.0,226.017,20257,0.9999942716722854,0.011157476427901466,89.62600158395165
1,29,8,0.021,520.503,46605,1.0000070478443979,0.011167943353717414,89.54200145249978
1,3,0,0.021,278.327,24847,1.0000038412124204,0.011200788827625065,89.27942624305621
1,3,1,0.0,341.041,30541,1.0000017356828468,0.011166661209521627,89.55228257013086
1,3,2,0.0,186.03900000000002,16663,1.000004362675463,0.01116479625517614,89.56724127736656
1,3,3,0.021,361.335,32383,1.0000013861630075,0.011157520921471141,89.62564417653344
1,3,4,0.0,172.015,15796,1.0000046995051612,0.010889782223347681,91.82920094177835
1,3,5,0.0,205.623,18437,0.9999955327393831,0.011152736345392418,89.66409399726685
1,3,6,0.0,373.066,33422,0.999996943191443,0.011162288313087187,89.58736523832245
1,3,7,0.0,226.017,20253,0.9999961418796243,0.011159680047400386,89.60830380015662
1,3,8,0.021,520.503,46603,1.0000029692816086,0.011168422633736028,89.53815886044087
1,30,0,0.0,278.327,24916,0.9999988576697173,0.011170613260555465,89.52059986993717
1,30,1,0.0,341.041,30538,1.0000023474276898,0.011167758202894755,89.54348597382719
1,30,2,0.021,186.03900000000002,16675,1.000000736814314,0.011155502248875564,89.6418626154458
1,30,3,0.0,361.335,32385,1.000000684797123,0.01115748031496063,89.62597035991531
1,30,4,0.0,172.015,15820,1.0000038702580765,0.010873261694058153,91.96872365782055
1,30,5,0.0,205.623,18429,0.9999981442193829,0.011157577730750446,89.62518784377235
1,30,6,0.0,373.066,33426,1.000001087895807,0.011160952551905702,89.59808720172839
1,30,7,0.0,226.017,20260,0.9999964069095246,0.011155824284304047,89.63927492179792
1,30,8,0.0,520.503,46604,0.9999989206273406,0.011168633593682947,89.53646760921646
1,31,0,0.021,278.316,24847,0.9999970482989659,0.01120034611824365,89.28295513753393
1,31,1,0.021,341.041,30537,1.0000033303102789,0.01116743622490749,89.54606767931499
1,31,2,0.021,186.03900000000002,16678,1.0000021777469073,0.011153495622976378,89.65799008698082
1,31,3,0.021,361.335,32314,0.9999973221542595,0.01118134554682181,89.43467454900724
1,31,4,0.0,172.015,15782,1.0000002473533114,0.010899442402737295,91.74781269075372
1,31,5,0.021,205.623,18410,0.9999965959259991,0.011167952199891364,89.54193052596764
1,31,6,0.021,373.066,33426,0.9999982825279666,0.011160324298450307,89.6031309895589
1,31,7,0.021,226.017,20249,0.9999998362200716,0.011160847449256753,89.59893095453018
1,31,8,0.021,520.503,46590,1.0000022742238206,0.011171538956857697,89.51318201205804
1,32,0,0.0,278.313,24876,0.9999996082872779,0.011188012542209358,89.38137995709867
1,32,1,0.0,341.041,30551,1.0000040982933835,0.011163006120912573,89.58160455780975
1,32,2,0.021,186.03900000000002,16676,1.0000010397370003,0.011154833293355723,89.6472384392908
1,32,3,0.021,361.345,32063,1.0000032463591775,0.011269188784580358,88.73753196577033
1,32,4,0.0,172.015,15818,1.0000027623550982,0.010874636490074597,91.95709676481704
1,32,5,0.0,205.623,18420,0.999995687433968,0.011163029315960912,89.58141842109103
1,32,6,0.021,373.066,33404,0.9999981237016773,0.011167674529996407,89.54415687115497
1,32,7,0.021,226.017,20264,0.9999950808044895,0.01115258586656139,89.66530381068691
1,32,8,0.0,520.503,46606,0.9999975216406247,0.011168154314895078,89.54031004624373
1,33,0,0.021,278.327,24933,1.0000068504047976,0.011162154574259014,89.58843862511048
1,33,1,0.021,341.041,30529,0.9999999218397986,0.011170362606046709,89.52260864465428
1,33,2,0.0,186.03900000000002,16673,1.0000036336622873,0.01115809992202963,89.62099344761045
1,33,3,0.0,361.335,32388,1.0000025334001088,0.011156446832160058,89.63427290464529
1,33,4,0.0,172.015,15805,1.0000010898007965,0.010883581145207212,91.88152196029417
1,33,5,0.0,205.623,18431,1.0000039904276345,0.011156366990396615,89.63491438214596
1,33,6,0.0,373.066,33429,1.0000002674258375,0.011159950940799903,89.60612867428284
1,33,7,0.0,226.017,20265,0.9999980755041378,0.011153071798667653,89.6613971515417
1,33,8,0.0,520.503,46612,0.9999994900683454,0.011166716725306789,89.55183735732551
1,34,0,0.0,278.327,24926,1.0000014702253586,0.01116613174997994,89.55652883119497
1,34,1,0.021,341.041,30528,1.000002417079007,0.011170728511530397,89.51967626532169
1,34,2,0.021,186.03900000000002,16655,1.000008184637707,0.011168898228760134,89.53434613854571
1,34,3,0.0,361.335,32385,0.9999973341295653,0.01115748031496063,89.62597035991531
1,34,4,0.0,172.015,15818,1.000007030043608,0.010874636490074597,91.95709676481704
1,34,5,0.021,205.623,18427,0.999998147033711,0.0111576491018614,89.6246145465511
1,34,6,0.0,373.066,33427,1.0000002537396249,0.011160618661561013,89.60076769257986
1,34,7,0.0,226.017,20258,0.9999990998417169,0.011156925658998914,89.6304260299004
1,34,8,0.0,520.503,46599,1.0000010246640532,0.011169831970643147,89.52686151664831
1,35,0,0.021,278.327,24927,1.0000004630320065,0.011164841336703172,89.56687962171137
1,35,1,0.0,341.041,30526,0.9999925182667363,0.011172148332568958,89.5082995886125
1,35,2,0.021,186.03900000000002,16681,1.0000009640437477,0.011151489718841797,89.67411755851583
1,35,3,0.0,361.335,32354,1.0000121036465108,0.011168170859862768,89.54017739770573
1,35,4,0.0,172.015,15817,1.0000030929215427,0.010875324018461148,91.95128331831528
1,35,5,0.0,205.623,18401,1.0000007389066292,0.011174555730666811,89.48901630654159
1,35,6,0.021,373.066,33415,1.0000033086064972,0.011163998204399221,89.57364393035694
1,35,7,0.021,226.017,20011,0.9999994552537046,0.01129358852631053,88.54581497017645
1,35,8,0.021,520.509,45568,1.0000021231433673,0.011422226123595508,87.54860822920027
1,36,0,0.0,278.327,24926,1.0000027065636952,0.01116613174997994,89.55652883119497
1,36,1,0.0,341.041,30540,0.9999986533813554,0.011167026850032744,89.54935037136298
1,36,2,0.021,186.03900000000002,16660,0.9999980915484405,0.011165546218487397,89.56122525777074
1,36,3,0.0,361.335,32370,1.000000358583633,0.011162650602409637,89.58445763626553
1,36,4,0.0,172.015,15809,1.0000012692951001,0.010880827376810677,91.9047757463012
1,36,5,0.021,205.623,18399,0.9999974428079829,0.011174629055926952,89.48842910088423
1,36,6,0.0,373.066,33425,0.9999987862125705,0.01116128646222887,89.5954067108769
1,36,7,0.021,226.017,20256,0.999998526555319,0.011156990521327015,89.62990495406999
1,36,8,0.0,520.503,46590,0.9999969718359106,0.01117198969735995,89.50957055002564
1,37,0,0.021,278.327,24914,1.0000009732791986,0.011170667094806132,89.5201684476799
1,37,1,0.0,341.041,30535,0.9999950288648844,0.011168855411822498,89.53468937752353
1,37,2,0.021,186.03900000000002,16662,0.9999876454317395,0.011164205977673751,89.57197690546074
1,37,3,0.021,361.335,32360,1.0000000231760118,0.011165451174289244,89.56198763402472
1,37,4,0.021,172.015,15799,0.9999959029476421,0.010886385214254066,91.85785550658744
1,37,5,0.021,205.623,18412,0.9999959954326502,0.011166739083206605,89.55165805780099
1,37,6,0.0,373.066,33422,1.0000018060852138,0.011162288313087187,89.58736523832245
1,37,7,0.021,226.017,20268,1.000003066558868,0.011150384843102427,89.68300323899538
1,37,8,0.021,520.503,46606,1.0000043107363854,0.01116770372913359,89.54392274852924
1,38,0,0.0,278.327,24936,0.9999967136469363,0.011161653833814565,89.59245779245276
1,38,1,0.0,341.056,30496,1.0000062932342573,0.011183630640083944,89.41640082567086
1,38,2,0.021,186.03900000000002,16678,0.9999957386137275,0.011153495622976378,89.65799008698082
1,38,3,0.021,361.335,32356,1.0000060088877434,0.011166831499567313,89.55091693097971
1,38,4,0.0,172.015,15690,0.9999982591991253,0.010963352453792223,91.21297561259193
1,38,5,0.0,205.623,18423,0.9999979433781735,0.011161211529066926,89.59600822865147
1,38,6,0.0,373.066,33404,0.9999993311062321,0.011168303197221889,89.53911640299572
1,38,7,0.0,226.017,20209,1.0000024388525568,0.011183977435795932,89.41362817841136
1,38,8,0.021,520.503,46589,1.0000045006167506,0.011171778746055938,89.51126071602859
1,39,0,0.0,278.327,24767,0.9999982959989714,0.011237816449307545,88.98525834719594
1,39,1,0.021,341.041,30535,1.000001364882626,0.011168167676436875,89.54020292064982
1,39,2,0.0,186.03900000000002,16666,0.999997183350713,0.01116278651146046,89.58336692843973
1,39,3,0.0,361.346,31750,1.000002035923043,0.011380976377952757,87.86592351928621
1,39,4,0.021,172.015,15698,0.9999986770214122,0.010956427570391133,91.27062571950184
1,39,5,0.021,205.62099999999998,18018,1.000000029022384,0.01141081141081141,87.63618677042801
1,39,6,0.0,373.066,33360,0.9999993019397279,0.011183033573141486,89.4211748055304
1,39,7,0.021,226.002,19257,1.0000019691781394,0.011735005452562706,85.21512870551064
1,39,8,0.021,520.496,46497,0.9999949465511286,0.011193732929006174,89.33570296363898
1,4,0,0.021,278.327,24894,1.0000046351346392,0.011179641680726278,89.44830510301611
1,4,1,0.0,341.056,30520,1.000002634554573,0.01117483617300131,89.4867705010321
1,4,2,0.0,186.03900000000002,16673,0.9999948937023134,0.01115809992202963,89.62099344761045
1,4,3,0.0,361.335,32348,1.0000006160638089,0.011170242364288364,89.52357230824582
1,4,4,0.021,172.015,15803,1.0000008352616072,0.010883629690565083,91.88111213181855
1,4,5,0.0,205.623,18422,0.999994798940658,0.011161817392248398,89.59114495946466
1,4,6,0.021,373.066,33425,0.9999995549716796,0.01116065818997756,89.60045034781328
1,4,7,0.021,226.017,20263,0.9999993460997144,0.01115313625820461,89.6608789536098
1,4,8,0.021,520.503,46609,0.9999982789376274,0.011166984917076102,89.5496866366176
1,40,0,0.0,278.319,24798,0.9999960909732333,0.011223445439148319,89.09919912043374
1,40,1,0.0,341.041,30540,1.000000329515974,0.011167026850032744,89.54935037136298
1,40,2,0.0,186.03900000000002,16678,0.9999971200674646,0.011154754766758606,89.64786953273237
1,40,3,0.0,361.335,32386,1.0000000225596486,0.011157135799419501,89.6287378748253
1,40,4,0.0,172.015,15808,1.000004701750341,0.010881515688259109,91.89896229979944
1,40,5,0.021,205.623,18429,0.9999957566873148,0.011156438222366921,89.63434207838445
1,40,6,0.021,373.066,33412,1.000002549287776,0.011165000598587332,89.56560200512004
1,40,7,0.0,226.017,20266,1.0000044799764882,0.011152521464521859,89.66582159749046
1,40,8,0.0,520.503,46576,1.0000002640554915,0.011175347818619032,89.48267349083481
1,41,0,0.0,278.327,24920,1.0000019939285405,0.0111688202247191,89.53497145444028
1,41,1,0.021,341.041,30536,0.9999981013567469,0.01116780193869531,89.54313529998241
1,41,2,0.021,186.03900000000002,16676,1.0000001421547102,0.011154833293355723,89.6472384392908
1,41,3,0.0,361.335,32383,0.9999968627130688,0.011158169409875551,89.62043533009535
1,41,4,0.0,172.015,15763,1.000012886376485,0.010912580092621962,91.6373572072203
1,41,5,0.021,205.623,18421,1.00000711354344,0.011161283317952337,89.59543195105105
1,41,6,0.0,373.066,33419,1.0000022954505972,0.011163290343816391,89.579323765768
1,41,7,0.021,226.017,20253,1.0000041768836136,0.011158643163975707,89.61663038283864
1,41,8,0.0,520.503,46595,0.9999992144664462,0.011170790857388133,89.51917664259379
1,42,0,0.021,278.327,24931,1.0000029230746301,0.011163050018049818,89.58125229064412
1,42,1,0.0,341.041,30550,1.0000017061528914,0.011163371522094926,89.57867235904187
1,42,2,0.021,186.03900000000002,16673,0.999993582400097,0.011156840400647756,89.63111096775579
1,42,3,0.0,361.335,32378,0.9999943337619407,0.011159892519612082,89.60659775554541
1,42,4,0.0,172.015,15835,1.0000040752421995,0.010862961793495421,92.05592535534691
1,42,5,0.021,205.623,18420,0.9999951510301963,0.011161889250814332,89.59056818513439
1,42,6,0.0,373.066,33425,0.9999991130117668,0.01116128646222887,89.5954067108769
1,42,7,0.0,226.017,20207,0.9999981541378694,0.011185084376701142,89.40477928651386
1,42,8,0.0,520.503,46599,0.9999975773565722,0.011169831970643147,89.52686151664831
1,43,0,0.0,278.327,24924,1.0000026630642627,0.011167027764403788,89.54934303894339
1,43,1,0.0,341.041,30545,0.9999999062255532,0.011165198886888198,89.56401136520242
1,43,2,0.0,186.03900000000002,16669,0.9999952575946398,0.01116077749115124,89.5994925795129
1,43,3,0.0,361.335,32372,1.000000211094354,0.011161960953910786,89.5899926660855
1,43,4,0.0,172.015,15824,1.0000027156262756,0.010870513144590494,91.99197744382758
1,43,5,0.0,205.623,18416,1.0000043356142996,0.011165453953084273,89.56196534434379
1,43,6,0.021,373.066,33424,1.000000383815018,0.011160992101483962,89.59776970606765
1,43,7,0.0,226.017,20251,0.9999979787641403,0.011160782183595872,89.5994549082591
1,43,8,0.021,520.503,46592,1.000001386952536,0.011171059409340661,89.51702460411694
1,44,0,0.021,278.327,24858,1.0000019946680636,0.011195832327620886,89.3189510826213
1,44,1,0.021,341.041,30539,0.9999980778909836,0.011166704869183666,89.55193243798018
1,44,2,0.021,186.03900000000002,16672,1.0000061769125248,0.011157509596928985,89.62573514391079
1,44,3,0.0,361.335,32307,0.9999973666387024,0.011184418237533661,89.41010419693636
1,44,4,0.021,172.015,15783,1.0000037720052593,0.010897421276056517,91.76482900566299
1,44,5,0.0,205.623,18406,1.0000032752212051,0.011171520156470716,89.51333265247565
1,44,6,0.0,373.066,33392,0.9999956276971383,0.01117231672256828,89.5069505127779
1,44,7,0.0,226.011,20164,0.9999930182290061,0.011208639158897044,89.21689652273562
1,44,8,0.0,520.503,46514,0.9999961776111307,0.011190243797566325,89.36355794298976
1,45,0,0.021,278.327,24933,0.9999988124021595,0.011162154574259014,89.58843862511048
1,45,1,0.0,341.041,30551,1.000000818825086,0.011163006120912573,89.58160455780975
1,45,2,0.021,186.03900000000002,16664,0.9999995873464383,0.011162866058569372,89.58272855315076
1,45,3,0.0,361.335,32377,0.9999995616623575,0.011160237205423603,89.60383024063542
1,45,4,0.0,172.015,15825,0.9999983056324652,0.010869826224328593,91.99779089032934
1,45,5,0.0,205.623,18416,1.000002910022326,0.011165453953084273,89.56196534434379
1,45,6,0.021,373.066,33423,1.0000016198077115,0.011161326032971305,89.59508906432201
1,45,7,0.021,226.017,20247,0.9999970292383887,0.011161949918506445,89.59008124037594
1,45,8,0.0,520.503,46615,0.9999960845195485,0.011165998069291002,89.5576010128664
1,46,0,0.0,278.327,24925,0.9999983777525701,0.011166579739217653,89.55293593506917
1,46,1,0.021,341.041,30541,1.0000020866031893,0.011165973609246586,89.55779719664535
1,46,2,0.0,186.03900000000002,16672,1.000018095476099,0.011158769193857967,89.61561823058605
1,46,3,0.0,361.335,32362,0.9999937459229573,0.011165410048822693,89.56231751698563
1,46,4,0.0,172.015,15825,0.9999884034820753,0.010869826224328593,91.99779089032934
1,46,5,0.0,205.623,18418,1.0000014251957845,0.01116424150287762,89.5716918827174
1,46,6,0.021,373.066,33424,1.0000022226225564,0.011160992101483962,89.59776970606765
1,46,7,0.021,226.017,20264,1.0000086866925308,0.01115258586656139,89.66530381068691
1,46,8,0.021,520.503,46619,1.0000024775076064,0.011164589545035289,89.56889959691208
1,47,0,0.021,278.327,24921,1.0000002954264675,0.011167529392881504,89.54532061831223
1,47,1,0.0,341.041,30526,1.0000016302494414,0.011172148332568958,89.5082995886125
1,47,2,0.0,186.03900000000002,16676,1.0000002201311147,0.011156092588150637,89.6371190986836
1,47,3,0.021,361.335,32382,1.0000024953414401,0.011157865480822678,89.6228765007722
1,47,4,0.021,172.015,15803,1.0000002944577822,0.010883629690565083,91.88111213181855
1,47,5,0.0,205.623,18393,0.9999935155349857,0.011179416082205186,89.45011015304708
1,47,6,0.021,373.066,33422,0.9999987190978645,0.011161659984441385,89.59240842257637
1,47,7,0.0,226.017,20210,0.999997815137047,0.011183424047501236,89.41805262436012
1,47,8,0.0,520.503,46553,0.9999970195671434,0.0111808691169205,89.43848546502133
1,48,0,0.0,278.327,24903,0.9999987377976597,0.011176444605067663,89.47389222030202
1,48,1,0.0,341.041,30542,0.9999999971320059,0.011166295592953965,89.55521476889875
1,48,2,0.021,186.03900000000002,16676,1.0000096494819604,0.011154833293355723,89.6472384392908
1,48,3,0.021,361.335,32383,0.9999955275244695,0.011157520921471141,89.62564417653344
1,48,4,0.0,172.015,15820,1.0000027232455768,0.010873261694058153,91.96872365782055
1,48,5,0.0,205.623,18428,0.9999954315059347,0.011158183199479053,89.62032457458552
1,48,6,0.0,373.066,33422,1.0000053482240618,0.011162288313087187,89.58736523832245
1,48,7,0.021,226.017,20257,1.0000040948584616,0.011156439749222492,89.6343298111471
1,48,8,0.0,520.503,46448,1.0000020856470446,0.011206144505683776,89.23675752109017
1,5,0,0.021,278.32099999999997,24848,0.9999980145422405,0.01120009658725048,89.28494430470717
1,5,1,0.0,341.041,30539,1.000004557255709,0.01116739251448967,89.54641817259508
1,5,2,0.0,186.03900000000002,16669,1.0000024678116222,0.01116077749115124,89.5994925795129
1,5,3,0.0,361.335,32332,0.9999963432846916,0.011175770134850922,89.47929206968603
1,5,4,0.021,172.015,15813,1.0000053570091116,0.010876746980332638,91.93925369489634
1,5,5,0.0,205.623,18433,0.9999988970714481,0.011155156512776,89.64464092051959
1,5,6,0.021,373.066,33407,1.00000101899253,0.011166671655641032,89.55219879639186
1,5,7,0.0,226.03900000000002,20259,0.9999934825042293,0.011157460881583495,89.62612646490207
1,5,8,0.0,520.503,46593,1.0000009992255738,0.011171270362500806,89.51533420556653
1,6,0,0.0,278.327,24928,0.9999989043942406,0.011165235879332477,89.56371462344653
1,6,1,0.0,341.041,30533,0.9999965995366785,0.011169587004224936,89.52882497998775
1,6,2,0.0,186.03900000000002,16664,1.0000015374203886,0.011164126260201633,89.57261649439096
1,6,3,0.0,361.335,32366,0.9999965556222041,0.011164030155101031,89.57338757662558
1,6,4,0.0,172.015,15815,1.0000075400882442,0.010876699336073348,91.93965642531175
1,6,5,0.0,205.623,18428,1.0000052728446307,0.011158183199479053,89.62032457458552
1,6,6,0.021,373.066,33427,0.9999983892648336,0.011159990426900409,89.60581163130455
1,6,7,0.0,226.017,20251,1.0000046530610431,0.011160782183595872,89.5994549082591
1,6,8,0.021,520.503,46595,0.9999995581655655,0.011170340165253784,89.5227884922053
1,7,0,0.0,278.327,24934,0.999999123928726,0.011162549129702415,89.5852720002012
1,7,1,0.021,341.056,30533,1.0000052737754597,0.011169390495529426,89.53040010556103
1,7,2,0.0,186.03900000000002,16676,0.9999955665626329,0.011156092588150637,89.6371190986836
1,7,3,0.0,361.335,32378,1.0000042481506075,0.011159892519612082,89.60659775554541
1,7,4,0.0,172.015,15801,0.9999925730704735,0.010886336307828618,91.85826817428713
1,7,5,0.0,205.623,18432,0.9999994023406735,0.011155761718749999,89.63977765133279
1,7,6,0.0,373.066,33415,1.0000027645662963,0.011164626664671554,89.56860180236205
1,7,7,0.0,226.017,20263,0.9999933991375435,0.011154172629916597,89.65254825964419
1,7,8,0.021,520.503,46614,0.9999961267204359,0.011165787102587208,89.55929311676482
1,8,0,0.021,278.327,24930,1.0000041946536786,0.011163497793822703,89.57765912341092
1,8,1,0.0,341.041,30535,1.0000036167567996,0.011168855411822498,89.53468937752353
1,8,2,0.0,186.03099999999998,16615,0.9999988678265627,0.011196569365031597,89.31307147733443
1,8,3,0.021,361.335,32372,0.9999989976084424,0.011161312245150129,89.5951997431597
1,8,4,0.0,172.015,15830,0.9999985628863797,0.010866392924826279,92.02685812283814
1,8,5,0.0,205.623,18417,0.9999977723164702,0.011164847695064341,89.5668286135306
1,8,6,0.021,373.066,33419,0.9999986684202632,0.01116266195876597,89.58436649733947
1,8,7,0.021,226.01,20199,1.0000066609799438,0.011188128125154712,89.38045657089503
1,8,8,0.021,520.503,46611,1.0000017471851512,0.011166505760442817,89.55352922867648
1,9,0,0.0,278.327,24938,1.0000008478323617,0.011160758681530195,89.59964358470432
1,9,1,0.0,341.041,30547,0.9999968874551005,0.01116446786918519,89.5698757627382
1,9,2,0.021,186.03900000000002,16663,0.9999851094151142,0.011163535977915143,89.57735272930574
1,9,3,0.0,361.335,32383,0.9999989188518288,0.011158169409875551,89.62043533009535
1,9,4,0.0,172.015,15811,1.000002509189753,0.010879451015116058,91.91640263930472
1,9,5,0.021,205.612,18356,0.9999980576421076,0.011200207016779255,89.28406399112801
1,9,6,0.0,373.066,33422,1.0000011811012848,0.011162288313087187,89.58736523832245
1,9,7,0.021,226.017,20221,1.0000077547999333,0.011176301864398398,89.4750349563709
1,9,8,0.021,520.503,46602,0.9999953549471132,0.01116866228917214,89.53623756441144
